home,away
Ростов , Динамо М
Химки , Зенит
Локомотив М , Арсенал Т
Рубин , Спартак М
Урал , Краснодар
Крылья Советов , Ахмат
ЦСКА , Уфа
Нижний Новгород , Сочи
Крылья Советов , Спартак М
Арсенал Т , Рубин
Уфа , Динамо М
ЦСКА , Локомотив М
Урал , Нижний Новгород
Ростов , Зенит
Краснодар , Химки
Ахмат , Сочи
Уфа , Локомотив М
Зенит , Краснодар
Арсенал Т , Крылья Советов
Спартак М , Нижний Новгород
Химки , Ростов
Рубин , Ахмат
Динамо М , ЦСКА
Сочи , Урал
Нижний Новгород , Уфа
Спартак М , Урал
Ахмат , Динамо М
Ростов , ЦСКА
Рубин , Крылья Советов
Локомотив М , Зенит
Краснодар , Арсенал Т
Сочи , Химки
Урал , Динамо М
ЦСКА , Ахмат
Уфа , Зенит
Арсенал Т , Спартак М
Химки , Рубин
Нижний Новгород , Ростов
Локомотив М , Краснодар
Крылья Советов , Сочи
Химки , Нижний Новгород
Динамо М , Локомотив М
Зенит , ЦСКА
Ахмат , Арсенал Т
Урал , Ростов
Уфа , Крылья Советов
Краснодар , Рубин
Спартак М , Сочи
Сочи , Уфа
Локомотив М , Крылья Советов
Ростов , Краснодар
Динамо М , Нижний Новгород
Арсенал Т , ЦСКА
Рубин , Урал
Спартак М , Химки
Зенит , Ахмат
Сочи , Динамо М
Уфа , Химки
Ахмат , Краснодар
Урал , Локомотив М
Крылья Советов , Ростов
ЦСКА , Спартак М
Нижний Новгород , Арсенал Т
Рубин , Зенит
Химки , Локомотив М
Урал , Арсенал Т
Динамо М , Рубин
Спартак М , Уфа
Зенит , Крылья Советов
Нижний Новгород , ЦСКА
Краснодар , Сочи
Ростов , Ахмат
Рубин , Нижний Новгород
Ахмат , Спартак М
Динамо М , Крылья Советов
Локомотив М , Ростов
Уфа , Урал
Арсенал Т , Химки
ЦСКА , Краснодар
Зенит , Сочи
Урал , ЦСКА
Сочи , Ростов
Крылья Советов , Нижний Новгород
Спартак М , Динамо М
Химки , Ахмат
Краснодар , Уфа
Арсенал Т , Зенит
Рубин , Локомотив М
Уфа , Рубин
Нижний Новгород , Краснодар
Локомотив М , Сочи
Ростов , Арсенал Т
Зенит , Спартак М
Ахмат , Урал
Динамо М , Химки
ЦСКА , Крылья Советов
Нижний Новгород , Локомотив М
Арсенал Т , Сочи
Краснодар , Крылья Советов
Рубин , ЦСКА
Химки , Урал
Спартак М , Ростов
Уфа , Ахмат
Зенит , Динамо М
Арсенал Т , Уфа
Динамо М , Краснодар
Крылья Советов , Химки
Спартак М , Локомотив М
Урал , Зенит
Ростов , Рубин
Сочи , ЦСКА
Ахмат , Нижний Новгород
Локомотив М , Ахмат
Сочи , Рубин
Зенит , Нижний Новгород
ЦСКА , Химки
Ростов , Уфа
Динамо М , Арсенал Т
Крылья Советов , Урал
Краснодар , Спартак М
Нижний Новгород , Крылья Советов
Уфа , Спартак М
Арсенал Т , Локомотив М
Рубин , Динамо М
Химки , Краснодар
Ахмат , Ростов
Урал , Сочи
ЦСКА , Зенит
Химки , Арсенал Т
Нижний Новгород , Рубин
Крылья Советов , ЦСКА
Динамо М , Уфа
Спартак М , Ахмат
Зенит , Ростов
Сочи , Краснодар
Локомотив М , Урал
Ахмат , Химки
Сочи , Спартак М
Локомотив М , Уфа
Динамо М , Зенит
Ростов , Урал
Краснодар , Нижний Новгород
ЦСКА , Арсенал Т
Крылья Советов , Рубин
Ахмат , Уфа
Сочи , Арсенал Т
Краснодар , Локомотив М
Ростов , Крылья Советов
Химки , Динамо М
Нижний Новгород , Урал
Спартак М , ЦСКА
Зенит , Рубин
Локомотив М , Химки
Ахмат , Рубин
Краснодар , Урал
Крылья Советов , Арсенал Т
Зенит , Уфа
Ростов , Сочи
Динамо М , Спартак М
ЦСКА , Нижний Новгород
Уфа , Нижний Новгород
Урал , Ахмат
Арсенал Т , Динамо М
Химки , Сочи
Спартак М , Краснодар
Крылья Советов , Зенит
Рубин , Ростов
Локомотив М , ЦСКА
Ахмат , Локомотив М
Сочи , Крылья Советов
Динамо М , Ростов
Нижний Новгород , Спартак М
Урал , Химки
Уфа , Краснодар
ЦСКА , Рубин
Зенит , Арсенал Т
Арсенал Т , Ахмат
Рубин , Химки
Краснодар , Динамо М
Крылья Советов , Уфа
Ростов , Нижний Новгород
ЦСКА , Урал
Сочи , Зенит
Локомотив М , Спартак М
Уфа , Сочи
Урал , Крылья Советов
Нижний Новгород , Динамо М
Химки , ЦСКА
Рубин , Краснодар
Спартак М , Арсенал Т
Ростов , Локомотив М
Ахмат , Зенит
Спартак М , Рубин
Зенит , Урал
Уфа , ЦСКА
Арсенал Т , Ростов
Сочи , Локомотив М
Нижний Новгород , Химки
Динамо М , Ахмат
Крылья Советов , Краснодар
Рубин , Арсенал Т
Урал , Уфа
ЦСКА , Динамо М
Локомотив М , Нижний Новгород
Сочи , Ахмат
Ростов , Спартак М
Химки , Крылья Советов
Краснодар , Зенит
Химки , Уфа
Арсенал Т , Нижний Новгород
Динамо М , Урал
Спартак М , Крылья Советов
Зенит , Локомотив М
Ахмат , ЦСКА
Рубин , Сочи
Краснодар , Ростов
Урал , Спартак М
Нижний Новгород , Ахмат
Уфа , Ростов
Арсенал Т , Краснодар
Крылья Советов , Динамо М
Локомотив М , Рубин
Зенит , Химки
ЦСКА , Сочи
Урал , Рубин
Сочи , Нижний Новгород
Локомотив М , Динамо М
Уфа , Арсенал Т
Ахмат , Крылья Советов
Краснодар , ЦСКА
Спартак М , Зенит
Ростов , Химки
Химки , Спартак М
Арсенал Т , Урал
Нижний Новгород , Зенит
Рубин , Уфа
Крылья Советов , Локомотив М
Динамо М , Сочи
Краснодар , Ахмат
ЦСКА , Ростов
